2011,1,Harvard University,United States of America
2011,2,California Institute of Technology,United States of America
2011,3,Massachusetts Institute of Technology,United States of America
2011,4,Stanford University,United States of America
2011,5,Princeton University,United States of America
2011,6,University of Cambridge,United Kingdom
2011,6,University of Oxford,United Kingdom
2011,8,University of California Berkeley,United States of America
2011,9,Imperial College London,United Kingdom
2011,10,Yale University,United States of America
2011,11,University of California Los Angeles,United States of America
2011,12,University of Chicago,United States of America
2011,13,Johns Hopkins University,United States of America
2011,14,Cornell University,United States of America
2011,15,ETH Zurich Swiss Federal Institute of Technology Zurich,Switzerland
2011,15,University of Michigan,United States of America
2011,17,University of Toronto,Canada
2011,18,Columbia University,United States of America
2011,19,University of Pennsylvania,United States of America
2011,20,Carnegie Mellon University,United States of America
2011,21,University of Hong Kong,Hong Kong
2011,22,University College London,United Kingdom
2011,23,University of Washington,United States of America
2011,24,Duke University,United States of America
2011,25,Northwestern University,United States of America
2011,26,University of Tokyo,Japan
2011,27,Georgia Institute of Technology,United States of America
2011,28,Pohang University of Science and Technology,South Korea
2011,29,University of California Santa Barbara,United States of America
2011,30,University of British Columbia,Canada
2011,30,University of North Carolina at Chapel Hill,United States of America
2011,32,University of California San Diego,United States of America
2011,33,University of Illinois at Urbana-Champaign,United States of America
2011,34,National University of Singapore,Singapore
2011,35,McGill University,Canada
2011,36,University of Melbourne,Australia
2011,37,Peking University,China
2011,38,Washington University in St Louis,United States of America
2011,39,Ecole Polytechnique,France
2011,40,University of Edinburgh,United Kingdom
2011,41,Hong Kong University of Science and Technology,Hong Kong
2011,42,Ecole Normale Superieure,France
2011,43,Australian National University,Australia
2011,43,Karolinska Institute,Sweden
2011,43,University of Gttingen,Germany
2011,43,University of Wisconsin,United States of America
2011,47,Rice University,United States of America
2011,48,Ecole Polytechnique Fdrale de Lausanne,Switzerland
2011,49,University of California Irvine,United States of America
2011,49,University of Science and Technology of China,China
2011,51,Vanderbilt University,United States of America
2011,52,University of Minnesota,United States of America
2011,53,Tufts University,United States of America
2011,54,University of California Davis,United States of America
2011,55,Brown University,United States of America
2011,56,University of Massachusetts,United States of America
2011,57,Kyoto University,Japan
2011,58,Tsinghua University,China
2011,59,Boston University,United States of America
2011,60,New York University,United States of America
2011,61,Emory University,United States of America
2011,61,LMU Munich,Germany
2011,63,University of Notre Dame,United States of America
2011,64,University of Pittsburgh,United States of America
2011,65,Case Western Reserve University,United States of America
2011,66,Ohio State University,United States of America
2011,67,University of Colorado Boulder,United States of America
2011,68,University of Bristol,United Kingdom
2011,68,University of California Santa Cruz,United States of America
2011,68,Yeshiva University,United States of America
2011,71,University of Sydney,Australia
2011,72,University of Virginia,United States of America
2011,73,University of Adelaide,Australia
2011,73,University of Southern California,United States of America
2011,75,William & Mary,United States of America
2011,76,Trinity College Dublin,Republic of Ireland
2011,77,Kings College London,United Kingdom
2011,78,Stony Brook University,United States of America
2011,79,Korea Advanced Institute of Science and Technology (KAIST),South Korea
2011,79,University of Sussex,United Kingdom
2011,81,The University of Queensland,Australia
2011,81,University of York,United Kingdom
2011,83,Heidelberg University,Germany
2011,83,University of Utah,United States of America
2011,85,Durham University,United Kingdom
2011,86,London School of Economics and Political Science,United Kingdom
2011,87,University of Manchester,United Kingdom
2011,88,Royal Holloway University of London,United Kingdom
2011,89,Lund University,Sweden
2011,90,University of Southampton,United Kingdom
2011,90,University of Zurich,Switzerland
2011,90,Wake Forest University,United States of America
2011,93,McMaster University,Canada
2011,94,University College Dublin,Republic of Ireland
2011,95,George Washington University,United States of America
2011,95,University of Arizona,United States of America
2011,95,University of Basel,Switzerland
2011,98,University of Maryland College Park,United States of America
2011,99,Dartmouth College,United States of America
2011,100,Ecole Normale Superieure de Lyon,France
2011,101,Technical University of Munich,Germany
2011,102,University of Helsinki,Finland
2011,103,University of St Andrews,United Kingdom
2011,104,Rensselaer Polytechnic Institute,United States of America
2011,105,Rutgers the State University of New Jersey,United States of America
2011,106,Purdue University,United States of America
2011,107,National Tsing Hua University,Taiwan
2011,107,University of Cape Town,South Africa
2011,109,Pennsylvania State University,United States of America
2011,109,Seoul National University,South Korea
2011,111,Hong Kong Baptist University,Hong Kong
2011,112,Bilkent University,Turkey
2011,112,Tokyo Institute of Technology,Japan
2011,114,Eindhoven University of Technology,Netherlands
2011,115,National Taiwan University,Taiwan
2011,115,University of Hawaii at Mnoa,United States of America
2011,117,University of California Riverside,United States of America
2011,118,University of Geneva,Switzerland
2011,119,KU Leuven,Belgium
2011,120,Nanjing University,China
2011,120,Queen Mary University of London,United Kingdom
2011,122,Michigan State University,United States of America
2011,122,Technical University of Denmark,Denmark
2011,124,Ghent University,Belgium
2011,124,Lancaster University,United Kingdom
2011,124,Leiden University,Netherlands
2011,127,University of Alberta,Canada
2011,128,University of Glasgow,United Kingdom
2011,129,Stockholm University,Sweden
2011,130,Osaka University,Japan
2011,130,University of Victoria,Canada
2011,132,Tohoku University,Japan
2011,132,University of Freiburg,Germany
2011,132,University of Iowa,United States of America
2011,135,University of Bergen,Norway
2011,136,University of Lausanne,Switzerland
2011,137,University of Sheffield,United Kingdom
2011,138,University of Montreal,Canada
2011,139,VU University Amsterdam,Netherlands
2011,140,Pierre and Marie Curie University,France
2011,140,University of Dundee,United Kingdom
2011,142,University of Barcelona,Spain
2011,143,Utrecht University,Netherlands
2011,144,Wageningen University and Research Center,Netherlands
2011,145,University of Auckland,New Zealand
2011,145,University of Birmingham,United Kingdom
2011,147,Alexandria University,Egypt
2011,147,Uppsala University,Sweden
2011,149,Hong Kong Polytechnic University,Hong Kong
2011,149,University of Aberdeen,United Kingdom
2011,151,Delft University of Technology,Netherlands
2011,152,Birkbeck University of London,United Kingdom
2011,152,Newcastle University,United Kingdom
2011,152,University of New South Wales,Australia
2011,155,Pompeu Fabra University,Spain
2011,156,Indiana University,United States of America
2011,156,Iowa State University,United States of America
2011,158,Georgia Health Sciences University,United States of America
2011,159,Erasmus University Rotterdam,Netherlands
2011,159,University of Delaware,United States of America
2011,161,Arizona State University,United States of America
2011,161,Boston College,United States of America
2011,163,National Sun Yat-Sen University,Taiwan
2011,164,Georgetown University,United States of America
2011,165,University of Amsterdam,Netherlands
2011,165,University of Liverpool,United Kingdom
2011,167,Aarhus University,Denmark
2011,168,University of Leeds,United Kingdom
2011,168,University of Wrzburg,Germany
2011,170,University of Groningen,Netherlands
2011,171,Sun Yat-sen University,China
2011,172,Goethe University Frankfurt,Germany
2011,173,Bielefeld University,Germany
2011,174,Nanyang Technological University,Singapore
2011,174,University of East Anglia,United Kingdom
2011,174,University of Nottingham,United Kingdom
2011,177,University of Copenhagen,Denmark
2011,178,Humboldt University of Berlin,Germany
2011,178,Monash University,Australia
2011,178,University of Bonn,Germany
2011,181,National Chiao Tung University,Taiwan
2011,182,RWTH Aachen University,Germany
2011,183,Middle East Technical University,Turkey
2011,184,University of Exeter,United Kingdom
2011,185,University of Twente,Netherlands
2011,186,University of Konstanz,Germany
2011,187,Karlsruhe Institute of Technology,Germany
2011,187,University of Innsbruck,Austria
2011,189,University of Tbingen,Germany
2011,190,Drexel University,United States of America
2011,190,University of Cincinnati,United States of America
2011,190,Yonsei University,South Korea
2011,193,Dalhousie University,Canada
2011,193,KTH Royal Institute of Technology,Sweden
2011,195,University of Vienna,Austria
2011,196,Kent State University,United States of America
2011,197,University of Illinois at Chicago,United States of America
2011,197,Zhejiang University,China
2011,199,Simon Fraser University,Canada
2011,199,Swedish University of Agricultural Sciences,Sweden
2012,1,California Institute of Technology,United States of America
2012,2,Harvard University,United States of America
2012,2,Stanford University,United States of America
2012,4,University of Oxford,United Kingdom
2012,5,Princeton University,United States of America
2012,6,University of Cambridge,United Kingdom
2012,7,Massachusetts Institute of Technology,United States of America
2012,8,Imperial College London,United Kingdom
2012,9,University of Chicago,United States of America
2012,10,University of California Berkeley,United States of America
2012,11,Yale University,United States of America
2012,12,Columbia University,United States of America
2012,13,University of California Los Angeles,United States of America
2012,14,Johns Hopkins University,United States of America
2012,15,ETH Zurich Swiss Federal Institute of Technology Zurich,Switzerland
2012,16,University of Pennsylvania,United States of America
2012,17,University College London,United Kingdom
2012,18,University of Michigan,United States of America
2012,19,University of Toronto,Canada
2012,20,Cornell University,United States of America
2012,21,Carnegie Mellon University,United States of America
2012,22,Duke University,United States of America
2012,22,University of British Columbia,Canada
2012,24,Georgia Institute of Technology,United States of America
2012,25,University of Washington,United States of America
2012,26,Northwestern University,United States of America
2012,27,University of Wisconsin-Madison,United States of America
2012,28,McGill University,Canada
2012,29,University of Texas at Austin,United States of America
2012,30,University of Tokyo,Japan
2012,31,University of Illinois at Urbana-Champaign,United States of America
2012,32,Karolinska Institute,Sweden
2012,33,University of California San Diego,United States of America
2012,34,University of Hong Kong,Hong Kong
2012,35,University of California Santa Barbara,United States of America
2012,36,University of Edinburgh,United Kingdom
2012,37,University of Melbourne,Australia
2012,38,Australian National University,Australia
2012,38,University of California Davis,United States of America
2012,40,National University of Singapore,Singapore
2012,41,Washington University in St Louis,United States of America
2012,42,University of Minnesota,United States of America
2012,43,University of North Carolina at Chapel Hill,United States of America
2012,44,New York University,United States of America
2012,45,LMU Munich,Germany
2012,46,Ecole Polytechnique Fdrale de Lausanne,Switzerland
2012,47,London School of Economics and Political Science,United Kingdom
2012,48,University of Manchester,United Kingdom
2012,49,Brown University,United States of America
2012,49,Peking University,China
2012,51,Pennsylvania State University,United States of America
2012,52,Kyoto University,Japan
2012,53,Pohang University of Science and Technology,South Korea
2012,54,Boston University,United States of America
2012,55,University of Southern California,United States of America
2012,56,Kings College London,United Kingdom
2012,57,Ohio State University,United States of America
2012,58,University of Sydney,Australia
2012,59,University of Pittsburgh,United States of America
2012,59,Ecole Normale Superieure,France
2012,61,University of Zurich,Switzerland
2012,62,Hong Kong University of Science and Technology,Hong Kong
2012,63,Ecole Polytechnique,France
2012,64,University of Massachusetts,United States of America
2012,65,McMaster University,Canada
2012,66,University of Bristol,United Kingdom
2012,67,KU Leuven,Belgium
2012,68,Utrecht University,Netherlands
2012,69,University of Gttingen,Germany
2012,70,Vanderbilt University,United States of America
2012,71,Tsinghua University,China
2012,72,Rice University,United States of America
2012,73,Heidelberg University,Germany
2012,74,The University of Queensland,Australia
2012,75,Emory University,United States of America
2012,75,Wageningen University and Research Center,Netherlands
2012,77,Tufts University,United States of America
2012,77,University of Colorado Boulder,United States of America
2012,79,Leiden University,Netherlands
2012,80,Lund University,Sweden
2012,81,Rutgers the State University of New Jersey,United States of America
2012,81,University of Rochester,United States of America
2012,83,Durham University,United Kingdom
2012,84,Pierre and Marie Curie University,France
2012,85,University of St Andrews,United Kingdom
2012,86,University of California Irvine,United States of America
2012,87,Uppsala University,Sweden
2012,88,Technical University of Munich,Germany
2012,89,University of Notre Dame,United States of America
2012,90,Dartmouth College,United States of America
2012,91,University of Helsinki,Finland
2012,92,University of Amsterdam,Netherlands
2012,93,Case Western Reserve University,United States of America
2012,94,Korea Advanced Institute of Science and Technology (KAIST),South Korea
2012,94,University of Maryland College Park,United States of America
2012,96,Michigan State University,United States of America
2012,97,University of Arizona,United States of America
2012,98,Purdue University,United States of America
2012,99,University of Sussex,United Kingdom
2012,100,University of Alberta,Canada
2012,101,University of Sheffield,United Kingdom
2012,102,University of Glasgow,United Kingdom
2012,103,University of Cape Town,South Africa
2012,104,Delft University of Technology,Netherlands
2012,104,University of Montreal,Canada
2012,106,Ghent University,Belgium
2012,107,Royal Holloway University of London,United Kingdom
2012,108,Tokyo Institute of Technology,Japan
2012,109,Humboldt University of Berlin,Germany
2012,110,University of California Santa Cruz,United States of America
2012,111,University of Basel,Switzerland
2012,112,University of Bern,Switzerland
2012,113,University of Utah,United States of America
2012,114,Stony Brook University,United States of America
2012,115,Eindhoven University of Technology,Netherlands
2012,116,University of Lausanne,Switzerland
2012,117,Monash University,Australia
2012,117,Trinity College Dublin,Republic of Ireland
2012,119,Osaka University,Japan
2012,120,Tohoku University,Japan
2012,121,Hebrew University of Jerusalem,Israel
2012,121,University of York,United Kingdom
2012,123,Indiana University,United States of America
2012,124,Seoul National University,South Korea
2012,125,Aarhus University,Denmark
2012,125,University of Florida,United States of America
2012,127,Arizona State University,United States of America
2012,127,Queen Mary University of London,United Kingdom
2012,127,University of Southampton,United Kingdom
2012,130,University of Geneva,Switzerland
2012,131,Lancaster University,United Kingdom
2012,131,Stockholm University,Sweden
2012,133,University of Leeds,United Kingdom
2012,134,University of Groningen,Netherlands
2012,135,George Washington University,United States of America
2012,135,University of Copenhagen,Denmark
2012,135,University of Virginia,United States of America
2012,138,Georgetown University,United States of America
2012,139,University of Vienna,Austria
2012,140,University of Nottingham,United Kingdom
2012,141,University of Iowa,United States of America
2012,141,Ecole Normale Superieure de Lyon,France
2012,143,University of California Riverside,United States of America
2012,144,Rensselaer Polytechnic Institute,United States of America
2012,145,University of East Anglia,United Kingdom
2012,146,Newcastle University,United Kingdom
2012,146,William & Mary,United States of America
2012,148,University of Birmingham,United Kingdom
2012,149,Birkbeck University of London,United Kingdom
2012,150,Brandeis University,United States of America
2012,151,Chinese University of Hong Kong,Hong Kong
2012,151,Free University of Berlin,Germany
2012,151,University of Aberdeen,United Kingdom
2012,154,National Taiwan University,Taiwan
2012,154,Yeshiva University,United States of America
2012,156,University of Exeter,United Kingdom
2012,157,Erasmus University Rotterdam,Netherlands
2012,157,University of Warwick,United Kingdom
2012,159,Radboud University Nijmegen,Netherlands
2012,159,University College Dublin,Republic of Ireland
2012,159,VU University Amsterdam,Netherlands
2012,162,Medical University of South Carolina,United States of America
2012,162,Wake Forest University,United States of America
2012,164,Texas A&M University,United States of America
2012,164,University of Reading,United Kingdom
2012,166,Tel Aviv University,Israel
2012,167,University of Illinois at Chicago,United States of America
2012,168,RWTH Aachen University,Germany
2012,169,Nanyang Technological University,Singapore
2012,169,Paris Diderot University Paris ,France
2012,169,Universit Catholique de Louvain,Belgium
2012,172,University of Miami,United States of America
2012,173,Queens University,Canada
2012,173,University of Auckland,New Zealand
2012,173,University of New South Wales,Australia
2012,176,University of Dundee,United Kingdom
2012,177,University of Victoria,Canada
2012,178,Technical University of Denmark,Denmark
2012,178,University of So Paulo,Brazil
2012,180,University of Delaware,United States of America
2012,181,Goethe University Frankfurt,Germany
2012,181,University of Liverpool,United Kingdom
2012,181,University of Oslo,Norway
2012,184,Iowa State University,United States of America
2012,185,University of Ottawa,Canada
2012,186,Pompeu Fabra University,Spain
2012,187,KTH Royal Institute of Technology,Sweden
2012,187,University of Tbingen,Germany
2012,189,University of Freiburg,Germany
2012,189,University of Western Australia,Australia
2012,191,University of Bergen,Norway
2012,192,University of Science and Technology of China,China
2012,193,City University of Hong Kong,Hong Kong
2012,194,University of Konstanz,Germany
2012,195,Boston College,United States of America
2012,196,Karlsruhe Institute of Technology,Germany
2012,197,Georgia Health Sciences University,United States of America
2012,197,Maastricht University,Netherlands
2012,197,University of Leicester,United Kingdom
2012,200,University of Twente,Netherlands
2013,1,California Institute of Technology,United States of America
2013,2,Stanford University,United States of America
2013,2,University of Oxford,United Kingdom
2013,4,Harvard University,United States of America
2013,5,Massachusetts Institute of Technology,United States of America
2013,6,Princeton University,United States of America
2013,7,University of Cambridge,United Kingdom
2013,8,Imperial College London,United Kingdom
2013,9,University of California Berkeley,United States of America
2013,10,University of Chicago,United States of America
2013,11,Yale University,United States of America
2013,12,ETH Zurich Swiss Federal Institute of Technology Zurich,Switzerland
2013,13,University of California Los Angeles,United States of America
2013,14,Columbia University,United States of America
2013,15,University of Pennsylvania,United States of America
2013,16,Johns Hopkins University,United States of America
2013,17,University College London,United Kingdom
2013,18,Cornell University,United States of America
2013,19,Northwestern University,United States of America
2013,20,University of Michigan,United States of America
2013,21,University of Toronto,Canada
2013,22,Carnegie Mellon University,United States of America
2013,23,Duke University,United States of America
2013,24,University of Washington,United States of America
2013,25,Georgia Institute of Technology,United States of America
2013,25,University of Texas at Austin,United States of America
2013,27,University of Tokyo,Japan
2013,28,University of Melbourne,Australia
2013,29,National University of Singapore,Singapore
2013,30,University of British Columbia,Canada
2013,31,University of Wisconsin-Madison,United States of America
2013,32,University of Edinburgh,United Kingdom
2013,33,University of Illinois at Urbana-Champaign,United States of America
2013,34,McGill University,Canada
2013,35,University of California Santa Barbara,United States of America
2013,35,University of Hong Kong,Hong Kong
2013,37,Australian National University,Australia
2013,38,University of California San Diego,United States of America
2013,39,London School of Economics and Political Science,United Kingdom
2013,40,Ecole Polytechnique Fdrale de Lausanne,Switzerland
2013,41,New York University,United States of America
2013,42,Karolinska Institute,Sweden
2013,42,University of North Carolina at Chapel Hill,United States of America
2013,44,University of California Davis,United States of America
2013,44,Washington University in St Louis,United States of America
2013,46,Peking University,China
2013,47,University of Minnesota,United States of America
2013,48,LMU Munich,Germany
2013,49,University of Manchester,United Kingdom
2013,50,Pohang University of Science and Technology,South Korea
2013,51,Brown University,United States of America
2013,52,Tsinghua University,China
2013,53,Ohio State University,United States of America
2013,54,Boston University,United States of America
2013,54,Kyoto University,Japan
2013,56,University of Southern California,United States of America
2013,57,Kings College London,United Kingdom
2013,58,KU Leuven,Belgium
2013,59,Seoul National University,South Korea
2013,59,Ecole Normale Superieure,France
2013,61,Pennsylvania State University,United States of America
2013,62,University of Sydney,Australia
2013,62,Ecole Polytechnique,France
2013,64,Leiden University,Netherlands
2013,65,Hong Kong University of Science and Technology,Hong Kong
2013,65,The University of Queensland,Australia
2013,67,Utrecht University,Netherlands
2013,68,Korea Advanced Institute of Science and Technology (KAIST),South Korea
2013,69,Purdue University,United States of America
2013,70,University of Gttingen,Germany
2013,70,Wageningen University and Research Center,Netherlands
2013,72,Erasmus University Rotterdam,Netherlands
2013,72,University of Massachusetts,United States of America
2013,74,University of Bristol,United Kingdom
2013,75,Rice University,United States of America
2013,76,University of Pittsburgh,United States of America
2013,77,Delft University of Technology,Netherlands
2013,78,Heidelberg University,Germany
2013,79,Emory University,United States of America
2013,80,Durham University,United Kingdom
2013,81,Pierre and Marie Curie University,France
2013,82,Lund University,Sweden
2013,83,University of Amsterdam,Netherlands
2013,84,University of Montreal,Canada
2013,85,University of New South Wales,Australia
2013,86,Nanyang Technological University,Singapore
2013,87,Tufts University,United States of America
2013,88,McMaster University,Canada
2013,89,University of Groningen,Netherlands
2013,89,University of Zurich,Switzerland
2013,91,University of Colorado Boulder,United States of America
2013,92,Paris-Sud University,France
2013,93,Ghent University,Belgium
2013,94,Michigan State University,United States of America
2013,94,University of Notre Dame,United States of America
2013,96,University of California Irvine,United States of America
2013,97,University of Maryland College Park,United States of America
2013,98,University of Arizona,United States of America
2013,99,Humboldt University of Berlin,Germany
2013,99,Monash University,Australia
2013,99,Rutgers the State University of New Jersey,United States of America
2013,102,University of Rochester,United States of America
2013,103,University of York,United Kingdom
2013,104,Case Western Reserve University,United States of America
2013,105,Technical University of Munich,Germany
2013,106,Uppsala University,Sweden
2013,106,Vanderbilt University,United States of America
2013,108,University of St Andrews,United Kingdom
2013,109,University of Helsinki,Finland
2013,110,Trinity College Dublin,Republic of Ireland
2013,110,University of Sheffield,United Kingdom
2013,110,University of Sussex,United Kingdom
2013,113,University of Cape Town,South Africa
2013,114,Eindhoven University of Technology,Netherlands
2013,115,Maastricht University,Netherlands
2013,116,Aarhus University,Denmark
2013,117,Stockholm University,Sweden
2013,118,University of Virginia,United States of America
2013,119,Royal Holloway University of London,United Kingdom
2013,120,University of Nottingham,United Kingdom
2013,121,University of Alberta,Canada
2013,122,University of California Santa Cruz,United States of America
2013,122,University of Florida,United States of America
2013,124,Chinese University of Hong Kong,Hong Kong
2013,124,Dartmouth College,United States of America
2013,124,University of Warwick,United Kingdom
2013,127,Radboud University Nijmegen,Netherlands
2013,128,Free University of Berlin,Germany
2013,128,Tokyo Institute of Technology,Japan
2013,130,University of Copenhagen,Denmark
2013,130,University of Lausanne,Switzerland
2013,130,University of Southampton,United Kingdom
2013,133,University of Geneva,Switzerland
2013,134,Indiana University,United States of America
2013,134,National Taiwan University,Taiwan
2013,134,University of Utah,United States of America
2013,137,Hebrew University of Jerusalem,Israel
2013,137,Tohoku University,Japan
2013,139,University of Glasgow,United Kingdom
2013,140,KTH Royal Institute of Technology,Sweden
2013,140,VU University Amsterdam,Netherlands
2013,142,University of Basel,Switzerland
2013,142,University of Leeds,United Kingdom
2013,144,University of Freiburg,Germany
2013,145,Lancaster University,United Kingdom
2013,145,Queen Mary University of London,United Kingdom
2013,147,Osaka University,Japan
2013,148,Arizona State University,United States of America
2013,149,Technical University of Denmark,Denmark
2013,150,Boston College,United States of America
2013,151,Karlsruhe Institute of Technology,Germany
2013,151,University of Bern,Switzerland
2013,153,University of Exeter,United Kingdom
2013,154,RWTH Aachen University,Germany
2013,154,University of California Riverside,United States of America
2013,156,Texas A&M University,United States of America
2013,156,Yeshiva University,United States of America
2013,158,Tel Aviv University,Israel
2013,158,University of Birmingham,United Kingdom
2013,158,University of So Paulo,Brazil
2013,161,University of Auckland,New Zealand
2013,162,Stony Brook University,United States of America
2013,162,University of Vienna,Austria
2013,164,Universit Catholique de Louvain,Belgium
2013,165,University of Delaware,United States of America
2013,166,Paris Diderot University Paris ,France
2013,167,University of Texas at Dallas,United States of America
2013,168,George Washington University,United States of America
2013,169,University of Iowa,United States of America
2013,170,Ecole Normale Superieure de Lyon,France
2013,171,University of Bonn,Germany
2013,171,University of Liverpool,United Kingdom
2013,171,University of Ottawa,Canada
2013,174,Georgetown University,United States of America
2013,174,Rensselaer Polytechnic Institute,United States of America
2013,176,University of Aberdeen,United Kingdom
2013,176,University of Adelaide,Australia
2013,176,University of East Anglia,United Kingdom
2013,176,University of Reading,United Kingdom
2013,180,Joseph Fourier University,France
2013,180,Newcastle University,United Kingdom
2013,182,City University of Hong Kong,Hong Kong
2013,183,Yonsei University,South Korea
2013,184,Colorado School of Mines,United States of America
2013,184,University of Illinois at Chicago,United States of America
2013,184,William & Mary,United States of America
2013,187,University College Dublin,Republic of Ireland
2013,187,University of Twente,Netherlands
2013,189,Medical University of South Carolina,United States of America
2013,190,University of Western Australia,Australia
2013,190,Wake Forest University,United States of America
2013,192,University of Antwerp,Belgium
2013,193,Iowa State University,United States of America
2013,193,Technion Israel Institute of Technology,Israel
2013,193,University of Miami,United States of America
2013,196,University of Leicester,United Kingdom
2013,196,University of Victoria,Canada
2013,198,University at Buffalo,United States of America
2013,199,Goethe University Frankfurt,Germany
2013,200,Birkbeck University of London,United Kingdom
2014,1,California Institute of Technology,United States of America
2014,2,Harvard University,United States of America
2014,2,University of Oxford,United Kingdom
2014,4,Stanford University,United States of America
2014,5,Massachusetts Institute of Technology,United States of America
2014,6,Princeton University,United States of America
2014,7,University of Cambridge,United Kingdom
2014,8,University of California Berkeley,United States of America
2014,9,University of Chicago,United States of America
2014,10,Imperial College London,United Kingdom
2014,11,Yale University,United States of America
2014,12,University of California Los Angeles,United States of America
2014,13,Columbia University,United States of America
2014,14,ETH Zurich Swiss Federal Institute of Technology Zurich,Switzerland
2014,15,Johns Hopkins University,United States of America
2014,16,University of Pennsylvania,United States of America
2014,17,Duke University,United States of America
2014,18,University of Michigan,United States of America
2014,19,Cornell University,United States of America
2014,20,University of Toronto,Canada
2014,21,University College London,United Kingdom
2014,22,Northwestern University,United States of America
2014,23,University of Tokyo,Japan
2014,24,Carnegie Mellon University,United States of America
2014,25,University of Washington,United States of America
2014,26,National University of Singapore,Singapore
2014,27,University of Texas at Austin,United States of America
2014,28,Georgia Institute of Technology,United States of America
2014,29,University of Illinois at Urbana-Champaign,United States of America
2014,30,University of Wisconsin-Madison,United States of America
2014,31,University of British Columbia,Canada
2014,32,London School of Economics and Political Science,United Kingdom
2014,33,University of California Santa Barbara,United States of America
2014,34,University of Melbourne,Australia
2014,35,McGill University,Canada
2014,36,Karolinska Institute,Sweden
2014,37,Ecole Polytechnique Fdrale de Lausanne,Switzerland
2014,38,Kings College London,United Kingdom
2014,39,University of Edinburgh,United Kingdom
2014,40,New York University,United States of America
2014,40,University of California San Diego,United States of America
2014,42,Washington University in St Louis,United States of America
2014,43,University of Hong Kong,Hong Kong
2014,44,Seoul National University,South Korea
2014,45,Peking University,China
2014,46,University of Minnesota,United States of America
2014,47,University of North Carolina at Chapel Hill,United States of America
2014,48,Australian National University,Australia
2014,49,Pennsylvania State University,United States of America
2014,50,Boston University,United States of America
2014,50,Tsinghua University,China
2014,52,Brown University,United States of America
2014,52,Kyoto University,Japan
2014,52,University of California Davis,United States of America
2014,55,LMU Munich,Germany
2014,56,Korea Advanced Institute of Science and Technology (KAIST),South Korea
2014,57,Hong Kong University of Science and Technology,Hong Kong
2014,58,University of Manchester,United Kingdom
2014,59,Ohio State University,United States of America
2014,60,Pohang University of Science and Technology,South Korea
2014,61,KU Leuven,Belgium
2014,62,Purdue University,United States of America
2014,63,The University of Queensland,Australia
2014,63,University of Gttingen,Germany
2014,65,Rice University,United States of America
2014,65,Ecole Normale Superieure,France
2014,67,Leiden University,Netherlands
2014,68,Heidelberg University,Germany
2014,69,Delft University of Technology,Netherlands
2014,70,University of Southern California,United States of America
2014,70,Ecole Polytechnique,France
2014,72,University of Sydney,Australia
2014,73,Erasmus University Rotterdam,Netherlands
2014,74,University of Basel,Switzerland
2014,74,Utrecht University,Netherlands
2014,76,Nanyang Technological University,Singapore
2014,77,Wageningen University and Research Center,Netherlands
2014,78,University of Pittsburgh,United States of America
2014,79,University of Bristol,United Kingdom
2014,80,Durham University,United Kingdom
2014,80,Emory University,United States of America
2014,80,Tufts University,United States of America
2014,83,Michigan State University,United States of America
2014,83,University of Amsterdam,Netherlands
2014,85,Ghent University,Belgium
2014,86,Free University of Berlin,Germany
2014,87,Technical University of Munich,Germany
2014,88,Case Western Reserve University,United States of America
2014,88,Vanderbilt University,United States of America
2014,90,University of Notre Dame,United States of America
2014,91,Monash University,Australia
2014,92,McMaster University,Canada
2014,93,University of California Irvine,United States of America
2014,94,Humboldt University of Berlin,Germany
2014,95,University of Rochester,United States of America
2014,96,Pierre and Marie Curie University,France
2014,97,University of Colorado Boulder,United States of America
2014,98,Maastricht University,Netherlands
2014,98,University of Groningen,Netherlands
2014,100,University of Helsinki,Finland
2014,100,University of York,United Kingdom
2014,102,Royal Holloway University of London,United Kingdom
2014,103,Rutgers the State University of New Jersey,United States of America
2014,103,Stockholm University,Sweden
2014,103,University of Arizona,United States of America
2014,106,Eindhoven University of Technology,Netherlands
2014,106,University of Montreal,Canada
2014,108,University of Maryland College Park,United States of America
2014,109,Chinese University of Hong Kong,Hong Kong
2014,109,University of Alberta,Canada
2014,111,Uppsala University,Sweden
2014,112,University of Sheffield,United Kingdom
2014,112,University of Virginia,United States of America
2014,114,Paris-Sud University,France
2014,114,Queen Mary University of London,United Kingdom
2014,114,University of New South Wales,Australia
2014,117,KTH Royal Institute of Technology,Sweden
2014,117,Technical University of Denmark,Denmark
2014,117,University of Glasgow,United Kingdom
2014,117,University of St Andrews,United Kingdom
2014,121,University of Sussex,United Kingdom
2014,121,University of Zurich,Switzerland
2014,123,Lund University,Sweden
2014,124,University of Geneva,Switzerland
2014,125,Tokyo Institute of Technology,Japan
2014,126,Dartmouth College,United States of America
2014,126,University of Cape Town,South Africa
2014,128,University of Florida,United States of America
2014,129,RWTH Aachen University,Germany
2014,129,Trinity College Dublin,Republic of Ireland
2014,131,Radboud University Nijmegen,Netherlands
2014,132,Indiana University,United States of America
2014,132,University of Lausanne,Switzerland
2014,132,University of Massachusetts,United States of America
2014,135,Boston College,United States of America
2014,136,University of California Santa Cruz,United States of America
2014,137,Lancaster University,United Kingdom
2014,138,Aarhus University,Denmark
2014,139,Colorado School of Mines,United States of America
2014,139,University of Leeds,United Kingdom
2014,141,University of Warwick,United Kingdom
2014,142,National Taiwan University,Taiwan
2014,143,University of Utah,United States of America
2014,144,Osaka University,Japan
2014,144,VU University Amsterdam,Netherlands
2014,146,Arizona State University,United States of America
2014,146,University of Southampton,United Kingdom
2014,148,University of California Riverside,United States of America
2014,148,University of Exeter,United Kingdom
2014,150,Tohoku University,Japan
2014,150,University of Copenhagen,Denmark
2014,152,University of Freiburg,Germany
2014,153,University of Birmingham,United Kingdom
2014,154,Karlsruhe Institute of Technology,Germany
2014,155,Joseph Fourier University,France
2014,156,Ecole Normale Superieure de Lyon,France
2014,157,University of Bern,Switzerland
2014,157,University of Nottingham,United Kingdom
2014,159,Texas A&M University,United States of America
2014,160,Georgetown University,United States of America
2014,161,University College Dublin,Republic of Ireland
2014,161,University of Iowa,United States of America
2014,161,University of Leicester,United Kingdom
2014,164,Brandeis University,United States of America
2014,164,Pompeu Fabra University,Spain
2014,164,University of Antwerp,Belgium
2014,164,University of Auckland,New Zealand
2014,168,University of Western Australia,Australia
2014,169,University of Liverpool,United Kingdom
2014,170,University of Twente,Netherlands
2014,170,University of Vienna,Austria
2014,172,Universit Catholique de Louvain,Belgium
2014,172,Yeshiva University,United States of America
2014,174,University of Delaware,United States of America
2014,174,University of East Anglia,United Kingdom
2014,176,University at Buffalo,United States of America
2014,176,Universit Libre de Bruxelles,Belgium
2014,178,Paris Diderot University Paris ,France
2014,178,Stony Brook University,United States of America
2014,180,Wake Forest University,United States of America
2014,181,Rensselaer Polytechnic Institute,United States of America
2014,181,University of Bonn,Germany
2014,183,Iowa State University,United States of America
2014,184,Northeastern University,United States of America
2014,185,University of Miami,United States of America
2014,185,University of Oslo,Norway
2014,185,University of Ottawa,Canada
2014,188,University of Aberdeen,United Kingdom
2014,188,University of Texas at Dallas,United States of America
2014,190,Yonsei University,South Korea
2014,191,Hebrew University of Jerusalem,Israel
2014,191,University of Illinois at Chicago,United States of America
2014,193,Mines ParisTech,France
2014,194,George Washington University,United States of America
2014,194,University of Reading,United Kingdom
2014,196,University of Dundee,United Kingdom
2014,197,Florida Institute of Technology,United States of America
2014,198,Newcastle University,United Kingdom
2014,199,Boazii University,Turkey
2014,199,Tel Aviv University,Israel
2015,1,California Institute of Technology,United States of America
2015,2,Harvard University,United States of America
2015,3,University of Oxford,United Kingdom
2015,4,Stanford University,United States of America
2015,5,University of Cambridge,United Kingdom
2015,6,Massachusetts Institute of Technology,United States of America
2015,7,Princeton University,United States of America
2015,8,University of California Berkeley,United States of America
2015,9,Imperial College London,United Kingdom
2015,9,Yale University,United States of America
2015,11,University of Chicago,United States of America
2015,12,University of California Los Angeles,United States of America
2015,13,ETH Zurich Swiss Federal Institute of Technology Zurich,Switzerland
2015,14,Columbia University,United States of America
2015,15,Johns Hopkins University,United States of America
2015,16,University of Pennsylvania,United States of America
2015,17,University of Michigan,United States of America
2015,18,Duke University,United States of America
2015,19,Cornell University,United States of America
2015,20,University of Toronto,Canada
2015,21,Northwestern University,United States of America
2015,22,University College London,United Kingdom
2015,23,University of Tokyo,Japan
2015,24,Carnegie Mellon University,United States of America
2015,25,National University of Singapore,Singapore
2015,26,University of Washington,United States of America
2015,27,Georgia Institute of Technology,United States of America
2015,28,University of Texas at Austin,United States of America
2015,29,LMU Munich,Germany
2015,29,University of Illinois at Urbana-Champaign,United States of America
2015,29,University of Wisconsin-Madison,United States of America
2015,32,University of British Columbia,Canada
2015,33,University of Melbourne,Australia
2015,34,London School of Economics and Political Science,United Kingdom
2015,34,Ecole Polytechnique Fdrale de Lausanne,Switzerland
2015,36,University of Edinburgh,United Kingdom
2015,37,University of California Santa Barbara,United States of America
2015,38,New York University,United States of America
2015,39,McGill University,Canada
2015,40,Kings College London,United Kingdom
2015,41,University of California San Diego,United States of America
2015,42,Washington University in St Louis,United States of America
2015,43,University of Hong Kong,Hong Kong
2015,44,Karolinska Institute,Sweden
2015,45,Australian National University,Australia
2015,46,University of Minnesota,United States of America
2015,46,University of North Carolina at Chapel Hill,United States of America
2015,48,Peking University,China
2015,49,Tsinghua University,China
2015,50,Seoul National University,South Korea
2015,51,Hong Kong University of Science and Technology,Hong Kong
2015,52,Korea Advanced Institute of Science and Technology (KAIST),South Korea
2015,52,University of Manchester,United Kingdom
2015,54,Brown University,United States of America
2015,55,KU Leuven,Belgium
2015,55,University of California Davis,United States of America
2015,57,Boston University,United States of America
2015,58,Pennsylvania State University,United States of America
2015,59,Kyoto University,Japan
2015,60,University of Sydney,Australia
2015,61,Nanyang Technological University,Singapore
2015,61,Ecole Polytechnique,France
2015,63,Scuola Normale Superiore di Pisa,Italy
2015,64,Leiden University,Netherlands
2015,65,The University of Queensland,Australia
2015,66,Pohang University of Science and Technology,South Korea
2015,67,University of Gttingen,Germany
2015,68,Ohio State University,United States of America
2015,69,Rice University,United States of America
2015,70,Heidelberg University,Germany
2015,71,Delft University of Technology,Netherlands
2015,72,Erasmus University Rotterdam,Netherlands
2015,73,Wageningen University and Research Center,Netherlands
2015,74,University of Bristol,United Kingdom
2015,75,University of Basel,Switzerland
2015,75,University of Southern California,United States of America
2015,77,University of Amsterdam,Netherlands
2015,78,Ecole Normale Superieure,France
2015,79,Utrecht University,Netherlands
2015,80,Humboldt University of Berlin,Germany
2015,81,Free University of Berlin,Germany
2015,82,Michigan State University,United States of America
2015,83,Durham University,United Kingdom
2015,83,Monash University,Australia
2015,85,Middle East Technical University,Turkey
2015,86,University of Arizona,United States of America
2015,86,University of Notre Dame,United States of America
2015,88,Tufts University,United States of America
2015,88,University of California Irvine,United States of America
2015,90,Ghent University,Belgium
2015,91,University of Massachusetts,United States of America
2015,91,University of Pittsburgh,United States of America
2015,93,Emory University,United States of America
2015,94,McMaster University,Canada
2015,94,University of Glasgow,United Kingdom
2015,96,Vanderbilt University,United States of America
2015,97,University of Colorado Boulder,United States of America
2015,98,Stockholm University,Sweden
2015,98,Technical University of Munich,Germany
2015,98,Uppsala University,Sweden
2015,101,Maastricht University,Netherlands
2015,102,Purdue University,United States of America
2015,103,Pierre and Marie Curie University,France
2015,103,University of Helsinki,Finland
2015,103,University of Warwick,United Kingdom
2015,103,University of Zurich,Switzerland
2015,107,Queen Mary University of London,United Kingdom
2015,107,University of Geneva,Switzerland
2015,109,University of California Santa Cruz,United States of America
2015,109,University of New South Wales,Australia
2015,111,University of St Andrews,United Kingdom
2015,111,University of Sussex,United Kingdom
2015,113,University of Montreal,Canada
2015,113,University of Tbingen,Germany
2015,113,University of York,United Kingdom
2015,116,Case Western Reserve University,United States of America
2015,117,University of Groningen,Netherlands
2015,118,Royal Holloway University of London,United Kingdom
2015,119,Lund University,Sweden
2015,120,Paris-Sud University,France
2015,121,Technical University of Denmark,Denmark
2015,121,University of Rochester,United States of America
2015,121,University of Sheffield,United Kingdom
2015,124,University of Alberta,Canada
2015,124,University of Cape Town,South Africa
2015,126,Boston College,United States of America
2015,126,KTH Royal Institute of Technology,Sweden
2015,126,University of Florida,United States of America
2015,129,Chinese University of Hong Kong,Hong Kong
2015,130,University of Virginia,United States of America
2015,131,Lancaster University,United Kingdom
2015,132,University of Bern,Switzerland
2015,132,University of Maryland College Park,United States of America
2015,132,University of Southampton,United Kingdom
2015,135,TU Dresden,Germany
2015,136,University of Lausanne,Switzerland
2015,136,VU University Amsterdam,Netherlands
2015,138,Trinity College Dublin,Republic of Ireland
2015,139,Boazii University,Turkey
2015,140,Radboud University Nijmegen,Netherlands
2015,141,Colorado School of Mines,United States of America
2015,141,Texas A&M University,United States of America
2015,141,Tokyo Institute of Technology,Japan
2015,144,Eindhoven University of Technology,Netherlands
2015,144,Rutgers the State University of New Jersey,United States of America
2015,146,University of Leeds,United Kingdom
2015,147,Brandeis University,United States of America
2015,148,Sungkyunkwan University (SKKU),South Korea
2015,148,University of Birmingham,United Kingdom
2015,150,Indiana University,United States of America
2015,150,University of California Riverside,United States of America
2015,152,Dartmouth College,United States of America
2015,153,Aarhus University,Denmark
2015,154,University of Exeter,United Kingdom
2015,155,National Taiwan University,Taiwan
2015,156,RWTH Aachen University,Germany
2015,157,Osaka University,Japan
2015,157,University of Liverpool,United Kingdom
2015,157,University of Western Australia,Australia
2015,160,University of Copenhagen,Denmark
2015,160,Ecole Normale Superieure de Lyon,France
2015,162,University of Utah,United States of America
2015,163,University of Freiburg,Germany
2015,164,University of Adelaide,Australia
2015,165,Istanbul Technical University,Turkey
2015,165,Karlsruhe Institute of Technology,Germany
2015,165,Pompeu Fabra University,Spain
2015,165,Tohoku University,Japan
2015,169,University of Miami,United States of America
2015,170,University of Antwerp,Belgium
2015,171,University of Nottingham,United Kingdom
2015,171,Universit Catholique de Louvain,Belgium
2015,173,Georgetown University,United States of America
2015,173,University of Victoria,Canada
2015,175,University of Auckland,New Zealand
2015,175,University of Iowa,United States of America
2015,177,Syracuse University,United States of America
2015,178,Joseph Fourier University,France
2015,178,University of Aberdeen,United Kingdom
2015,180,Paris Diderot University Paris ,France
2015,180,University of Delaware,United States of America
2015,182,Arizona State University,United States of America
2015,182,Sabanc University,Turkey
2015,182,University of Vienna,Austria
2015,185,Northeastern University,United States of America
2015,186,University of Oslo,Norway
2015,186,Yeshiva University,United States of America
2015,188,Stony Brook University,United States of America
2015,188,Tel Aviv University,Israel
2015,188,University of Ottawa,Canada
2015,191,University at Buffalo,United States of America
2015,192,City University of Hong Kong,Hong Kong
2015,193,Fudan University,China
2015,193,Iowa State University,United States of America
2015,195,University of Bonn,Germany
2015,196,Lomonosov Moscow State University,Russian Federation
2015,196,St Georges University of London,United Kingdom
2015,198,University of East Anglia,United Kingdom
2015,199,University of Leicester,United Kingdom
2015,200,Florida Institute of Technology,United States of America
2016,1,California Institute of Technology,United States of America
2016,2,University of Oxford,United Kingdom
2016,3,Stanford University,United States of America
2016,4,University of Cambridge,United Kingdom
2016,5,Massachusetts Institute of Technology,United States of America
2016,6,Harvard University,United States of America
2016,7,Princeton University,United States of America
2016,8,Imperial College London,United Kingdom
2016,9,ETH Zurich Swiss Federal Institute of Technology Zurich,Switzerland
2016,10,University of Chicago,United States of America
2016,11,Johns Hopkins University,United States of America
2016,12,Yale University,United States of America
2016,13,University of California Berkeley,United States of America
2016,14,University College London,United Kingdom
2016,15,Columbia University,United States of America
2016,16,University of California Los Angeles,United States of America
2016,17,University of Pennsylvania,United States of America
2016,18,Cornell University,United States of America
2016,19,University of Toronto,Canada
2016,20,Duke University,United States of America
2016,21,University of Michigan,United States of America
2016,22,Carnegie Mellon University,United States of America
2016,23,London School of Economics and Political Science,United Kingdom
2016,24,University of Edinburgh,United Kingdom
2016,25,Northwestern University,United States of America
2016,26,National University of Singapore,Singapore
2016,27,Kings College London,United Kingdom
2016,28,Karolinska Institute,Sweden
2016,29,LMU Munich,Germany
2016,30,New York University,United States of America
2016,31,Ecole Polytechnique Fdrale de Lausanne,Switzerland
2016,32,University of Washington,United States of America
2016,33,University of Melbourne,Australia
2016,34,University of British Columbia,Canada
2016,35,KU Leuven,Belgium
2016,36,University of Illinois at Urbana-Champaign,United States of America
2016,37,Heidelberg University,Germany
2016,38,McGill University,Canada
2016,39,University of California San Diego,United States of America
2016,39,University of California Santa Barbara,United States of America
2016,41,Georgia Institute of Technology,United States of America
2016,42,Peking University,China
2016,43,University of Tokyo,Japan
2016,44,University of California Davis,United States of America
2016,44,University of Hong Kong,Hong Kong
2016,46,University of Texas at Austin,United States of America
2016,47,Tsinghua University,China
2016,47,Wageningen University and Research Center,Netherlands
2016,49,Humboldt University of Berlin,Germany
2016,50,University of Wisconsin-Madison,United States of America
2016,51,Brown University,United States of America
2016,52,Australian National University,Australia
2016,53,Technical University of Munich,Germany
2016,54,Ecole Normale Superieure,France
2016,55,Nanyang Technological University,Singapore
2016,56,University of Manchester,United Kingdom
2016,56,University of Sydney,Australia
2016,58,University of Amsterdam,Netherlands
2016,59,Hong Kong University of Science and Technology,Hong Kong
2016,60,The University of Queensland,Australia
2016,60,Washington University in St Louis,United States of America
2016,62,Utrecht University,Netherlands
2016,63,University of North Carolina at Chapel Hill,United States of America
2016,64,Boston University,United States of America
2016,65,Delft University of Technology,Netherlands
2016,65,University of Minnesota,United States of America
2016,67,Leiden University,Netherlands
2016,68,University of Southern California,United States of America
2016,69,University of Bristol,United Kingdom
2016,70,Durham University,United Kingdom
2016,71,Erasmus University Rotterdam,Netherlands
2016,72,Free University of Berlin,Germany
2016,73,Monash University,Australia
2016,74,University of Groningen,Netherlands
2016,75,Pennsylvania State University,United States of America
2016,76,University of Glasgow,United Kingdom
2016,76,University of Helsinki,Finland
2016,78,University of Tbingen,Germany
2016,79,University of Pittsburgh,United States of America
2016,80,University of Warwick,United Kingdom
2016,81,Uppsala University,Sweden
2016,82,University of Copenhagen,Denmark
2016,82,University of New South Wales,Australia
2016,84,University of Freiburg,Germany
2016,85,Seoul National University,South Korea
2016,86,University of St Andrews,United Kingdom
2016,87,Vanderbilt University,United States of America
2016,88,Kyoto University,Japan
2016,88,Maastricht University,Netherlands
2016,90,Emory University,United States of America
2016,90,Lund University,Sweden
2016,90,Ohio State University,United States of America
2016,93,University of Exeter,United Kingdom
2016,94,University of Bonn,Germany
2016,94,Georgetown University,United States of America
2016,94,McMaster University,Canada
2016,97,University of Sheffield,United Kingdom
2016,98,Queen Mary University of London,United Kingdom
2016,99,University of Gttingen,Germany
2016,99,Michigan State University,United States of America
2016,101,University of Basel,Switzerland
2016,101,Ecole Polytechnique,France
2016,101,Rice University,United States of America
2016,104,Dartmouth College,United States of America
2016,104,University of Zurich,Switzerland
2016,106,Aarhus University,Denmark
2016,106,University of California Irvine,United States of America
2016,106,University of Mannheim,Germany
2016,108,University of Notre Dame,United States of America
2016,109,University of Western Australia,Australia
2016,110,RWTH Aachen University,Germany
2016,110,University of Southampton,United Kingdom
2016,112,Scuola Normale Superiore di Pisa,Italy
2016,113,University of Montreal,Canada
2016,113,Pierre and Marie Curie University,France
2016,113,Purdue University,United States of America
2016,116,Pohang University of Science and Technology,South Korea
2016,117,University of Maryland College Park,United States of America
2016,118,Ghent University,Belgium
2016,119,University of Birmingham,United Kingdom
2016,120,University of Bern,Switzerland
2016,120,University of Cape Town,South Africa
2016,120,University of Florida,United States of America
2016,123,University of Erlangen-Nuremberg,Germany
2016,123,Rutgers the State University of New Jersey,United States of America
2016,125,University of Mnster,Germany
2016,125,Radboud University Nijmegen,Netherlands
2016,127,University of Colorado Boulder,United States of America
2016,127,Tufts University,United States of America
2016,129,Royal Holloway University of London,United Kingdom
2016,130,Lancaster University,United Kingdom
2016,131,University of Geneva,Switzerland
2016,131,University of York,United Kingdom
2016,133,Case Western Reserve University,United States of America
2016,133,University of Leeds,United Kingdom
2016,135,University of Oslo,Norway
2016,136,Stockholm University,Sweden
2016,137,University of Alberta,Canada
2016,138,Chinese University of Hong Kong,Hong Kong
2016,138,Karlsruhe Institute of Technology,Germany
2016,140,University of Sussex,United Kingdom
2016,141,University of Massachusetts,United States of America
2016,142,University of Vienna,Austria
2016,143,University of Nottingham,United Kingdom
2016,144,University of California Santa Cruz,United States of America
2016,144,University of Lausanne,Switzerland
2016,146,Autonomous University of Barcelona,Spain
2016,147,University of Virginia,United States of America
2016,148,Korea Advanced Institute of Science and Technology (KAIST),South Korea
2016,149,University of Adelaide,Australia
2016,149,University of East Anglia,United Kingdom
2016,149,University of Twente,Netherlands
2016,153,Sungkyunkwan University (SKKU),South Korea
2016,154,VU University Amsterdam,Netherlands
2016,155,KTH Royal Institute of Technology,Sweden
2016,156,University of Cologne,Germany
2016,157,University of Liverpool,United Kingdom
2016,158,TU Dresden,Germany
2016,158,University of Rochester,United States of America
2016,160,Trinity College Dublin,Republic of Ireland
2016,161,Lomonosov Moscow State University,Russian Federation
2016,161,University of Miami,United States of America
2016,163,University of Arizona,United States of America
2016,164,Pompeu Fabra University,Spain
2016,164,University of Reading,United Kingdom
2016,164,Yeshiva University,United States of America
2016,167,University of California Riverside,United States of America
2016,167,University of Leicester,United Kingdom
2016,167,National Taiwan University,Taiwan
2016,167,Technical University of Denmark,Denmark
2016,167,Universit Catholique de Louvain,Belgium
2016,172,University of Aberdeen,United Kingdom
2016,172,University of Auckland,New Zealand
2016,174,University of Barcelona,Spain
2016,175,University of Konstanz,Germany
2016,176,Eindhoven University of Technology,Netherlands
2016,176,University College Dublin,Republic of Ireland
2016,178,Hebrew University of Jerusalem,Israel
2016,179,University of Waterloo,Canada
2016,180,University of Gothenburg,Sweden
2016,180,Scuola Superiore SantAnna,Italy
2016,182,University of Bergen,Norway
2016,182,Cardiff University,United Kingdom
2016,182,University of Utah,United States of America
2016,185,Brandeis University,United States of America
2016,185,University of Dundee,United Kingdom
2016,185,University of Wrzburg,Germany
2016,188,Paris-Sud University,France
2016,189,Arizona State University,United States of America
2016,190,University of Antwerp,Belgium
2016,190,Boston College,United States of America
2016,192,Ulm University,Germany
2016,193,University of Luxembourg,Luxembourg
2016,193,Texas A&M University,United States of America
2016,195,Charit - Universittsmedizin Berlin,Germany
2016,196,Newcastle University,United Kingdom
2016,196,St Georges University of London,United Kingdom
2016,198,University of Trento,Italy
2016,199,Paris Diderot University Paris ,France
2016,200,Queens University Belfast,United Kingdom
